Date,Endroit,Nom-artiste,Titre,Prix
19/02/2016,رواق التياترو,حافظ الجريبي,16 Bébé,500
19/02/2016,,مالك سعد الله,peep show,450
19/02/2016,,مراد زراعي,Tunis,600
19/02/2016,,نهلة دخيلي,sensualité,3000
19/02/2016,,وليد عرضاوي,3am el dhahbi,2800
19/02/2016,,فردوس برينصي,lumiére  jaune,450
19/02/2016,دار الثقافة حمام سوسة,زين الحرباوي,سوق اسبوعية,6000
19/02/2016,,نجيب بوقشة,visages metissés,4500
19/02/2016,فضاء كان,عثمان ببا,les yeux du désir,800
19/02/2016,,رضوان عيادي,figuarbilité,3000
19/02/2016,,بديع بن ناصر,la méditérrané au cœur,250
19/02/2016,,محسن جليطي,femme ionique,7000
19/02/2016,"رواق ""البيرو"" بسوسة",وسام العابد,بدون عنوان,2200
19/02/2016,,محمد بن سلطان,les acrobates,4500
19/02/2016,,أنور سفطة,blackout,1800
23/02/2016,دار الكتب الوطنية,بسمة هلال,arabe-est ce-que,2800
23/02/2016,,إكرام تيرة,electroménagerie,4300
23/02/2016,,عمر بسيس,بدون عنوان,1600
23/02/2016,,كريم كمون,echec et mat,1200
23/02/2016,,بثينة يزيدي,lecture noire,400
23/02/2016,,نجاح زربوط,faites l'amour et pas la guerre(8 p),2400
23/02/2016,رواق القرماسي,نور الدين الرياحي,نافذة بالوان الصباح,1800
23/02/2016,قصر العبدلية,جلال بالسعد وياسر الجرادي,son silence,4500
23/02/2016,,جلال بالسعد وياسر الجرادي,larmes de ma mére,3000
23/02/2016,رواق الفن الجميل,إلهام تقتق,contraste,600
23/02/2016,قصر خير الدين,ألفة عفاس,بدون عنوان,2200
23/02/2016,,ماجد زليلة,reveillon,5500
23/02/2016,,عبد الوهاب الشارني,كأنما على رأسه طير,5000
23/02/2016,,نائلة بن عياد,A la recherche du savoir,2000
23/02/2016,,زياد بن سلامة,marionettes,2500
23/02/2016,,توفيق بن عمران,RDV,800
23/02/2016,,سمير بن قويعة,indifférence,6000
23/02/2016,,إيمان السويسي,ورد ورمان,2500
23/02/2016,,إسلام بالحاج رحومة,بدون عنوان,2400
23/02/2016,رواق القرجي,عماد جميل,morceaux choisis,13000
23/02/2016,المكتبة المعوماتية بأريانة,هالة عموس,tableau dessin(6p),900
23/02/2016,,جميلة بن عبد الله,portrait(8p),2800
23/02/2016,دار الثقافة باردو,محمد اليعقوبي,le cri,3500
23/02/2016,دار الفنون بالبلفيدير,محمد بو عزيز,profondeur de vie,4400
23/02/2016,,محمد غسان,أبو سعود,2800
23/02/2016,,إيمان بالسرور,surf minéral,900
23/02/2016,,عبد العزيز محسني,les précieuses ridicules (10p),8000
23/02/2016,,صابر صحراوي,عصفور الجنة,2000
29/02/2016,رواق مسك وعنبر,هالة لمين,7achek barcha,7000
29/02/2016,رواق عين,محمد بعتي,peche nocturne,4500
29/02/2016,,مختار هنان,hawet,4500
29/02/2016,,هاشمي مرزوق,triomphe,4000
29/02/2016,,حبيب السعيدي,atelier,9000
29/02/2016,,عبد الحميد الثابوتي,femme,5000
29/02/2016,رواق كاليستي,بسمة الهداوي,en terrasse(4p),3000
29/02/2016,رواق ألف ورقة ,صدري خياري,بدون عنوان,2200
29/02/2016,,هادي خليل,بدون عنوان,600
29/02/2016,,لمعاء صافي,بدون عنوان (3 قطع),1500
29/02/2016,,ماجدة محفوظ,بدون عنوان,1200
29/02/2016,,جنينة مسعودي,بدون عنوان,3500
29/02/2016,,فائزة بالحاج يحي,بدون عنوان(4 قطع),3200
17/03/2016,رواق علي خوجة بالمهدية,فيروز بوجدي,reconstitution,3000
17/03/2016,,يوسف خذري,auto-portrait,2800
17/03/2016,,مريم بن عمر,بدون عنوان (3 قطع),1800
17/03/2016,دار الثقافة الشبيكة,وداد العبيدي,توالد,1500
17/03/2016,مرينا المنستير,نجيب الركباني,بدون عنوان,900
17/03/2016,,نائلة كلبوسي,بدون عنوان,1200
17/03/2016,المركب الثقافي بالمنستير,أمال حجار,labeur,1900
17/03/2016,دار الثقافة المروج,نبيل الدريدي,"""svp dessine-moi un humain""",2800
17/03/2016,المركب الثقافي بالمنستير,علي البرقاوي,بدون عنوان,2000
17/03/2016,رواق كان,أولقا مالاكوفا,empeinte gafsienne,2800
17/03/2016,رواق محمد الحليوي المركب الثقافي أسد ابن الفرات القيروان,بشير القهواجي,وراء القناع الذهبي,2000
17/03/2016,,وليد هلالي,les ménines,3000
17/03/2016,,عبد الحميد الثابوتي,instant,5800
17/03/2016,,وليد الزواري,بدون عنوان,8000
17/03/2016,,شكري الفاسي,bruillard et lumiére,3000
17/03/2016,,عدنان الحاج ساسي,souvenir,6000
17/03/2016,,عبد اللطيف الرمضاني,ظهور,6800
17/03/2016,,الصحبي عبان,composition,3000
17/03/2016,,وفاء القاضي,subversion,2800
17/03/2016,,الناصر الخراط,gribouillage,2000
17/03/2016,,نصر الدين الفراحتي,lutte et lumiére,1200
17/03/2016,,نجيب عبان,dans la nature,3800
17/03/2016,فضاء كان,توفيق الباهي,fourmi,2500
17/03/2016,,إيناس بناني,anatomie,1000
17/03/2016,,دالي بالقاضي,anonime,2000
17/03/2016,دار الثقافة بالمهدية,محمد سامي بشير,بدون عنوان,4000
17/03/2016,,رجاء القاسمي,بدون عنوان,1000
17/03/2016,,حاتم نعيمة,بدون عنوان,1000
18/03/2016,رواق المعهد بصفاقس,نجوى عبد المقصود,تركيبة,3800
18/03/2016,,محمد سحنون,تركيبة,2000
18/03/2016,,خليل قويعة,ذاكرة الارض,5000
18/03/2016,,هندة بو حامد,renverse,500
18/03/2016,فندق الحدادين بصفاقس,محمد نجاح,انعكاس,500
18/03/2016,فضاء برج القلال بصفاقس,سهيلة حمزة,morceaux choisis,1200
18/03/2016,,وحيد الوي,bon rivage,2500
18/03/2016,,لبنى عبد المولى,derniére épisode,1800
18/03/2016,,عبد العزيزالحصايري,بدون عنوان,3000
18/03/2016,,فاطمة الصامت,تقاسيم,5500
18/03/2016,,محمد بن عياد,face to face,3000
18/03/2016,الرواق البلدي بصفاقس,مريم الفريخة,الموقف,1300
18/03/2016,,نادية الجربي,medina,200
18/03/2016,دار الثقافة ساقية الزيت بصفاقس,هاجر التريكي,الحرية,100
18/03/2016,رواق القصبة بصفاقس,محمد الرقيق,بالشمع الاحمر,1500
18/03/2016,,كمال عبد الله,nocturne,1500
18/03/2016,,وجدي الحصايري,تشكل نافذة,500
18/03/2016,مركب الجاموسي بصفاقس,محمد عزابو,التلوث,500
18/03/2016,فضاء ابو بكر القمودي بسيدي بوزيد,منيرة بوعزيزي,الحرية,1300
18/03/2016,,سنية كداشي,الهجرة,2000
18/03/2016,,وردة عافي,تحدي (2قطع),2100
18/03/2016,,عبد الكريم الظاهري,العازفة,1200
18/03/2016,,الحبيب عايفية,منظر طبيعي بجهة سيدي بوزيد,1000
18/03/2016,,حسان عمري,مرايا,1300
18/03/2016,,عامر بن جدو,رضي الله عنهم و ضوا عنه  ذلك من خشية ربه,1500
22/03/2016,دار الفنون بالبلفيدير,محمد حشيشة,le papio bleu,5000
22/03/2016,,كوثر جلازي بن عياد,labeur,7000
22/03/2016,,حبيب بيدة,corps enfuit dans lacouleur,7000
22/03/2016,,محمد بن مفتاح,patrimoine en péril,9000
22/03/2016,,فوزية الهيشري,hommage à ma mére,1750
22/03/2016,,محمد المالكي,tsunamy,6500
22/03/2016,,عبد السلام الشرفي,composition,1500
22/03/2016,,الطاهر الضاوي,pourritic,7714
22/03/2016,,نبيهة قيقة,village berbère,6000
22/03/2016,,علي الفندري,harmonie,5000
22/03/2016,,لندة عبد اللطيف,genèsel,4600
22/03/2016,,نعمان قمش,composition,3500
22/03/2016,,كنزة المراكشي ,printemps arbre,1500
22/03/2016,,كمال كشو,retour de l'intrus(5p),1200
22/03/2016,,آسيا عروس,بدون عنوان,2200
22/03/2016,,زينب بن عبد الله,le jasmin,4000
22/03/2016,,رؤوف قارة,مبعثرة,4000
22/03/2016,,صادق قمش,personnages,6500
22/03/2016,,طارق فخفاخ,"""louking for a shelter""",3800
22/03/2016,,نصاف شكندالي,femme posture,2500
22/03/2016,,محمد شلبي,familia,8000
22/03/2016,,نزار مقديش,dhou akli,3500
22/03/2016,,منجي معتوق,dialogue,10000
22/03/2016,,سلوى فخران كيلاني,la gourde,1200
22/03/2016,قصر خير الدين,كاميليا بالقروي,identités,1000
22/03/2016,,ماهر العروسي,le promeneur,1500
22/03/2016,,إيناس بوعزيز بحري,signes,2400
22/03/2016,,أحلام بوصندل,fraternité eternelle ,3900
22/03/2016,,زبيدة شماري دعفوس,vision solaire,3200
22/03/2016,,بسمة بن يحي,eruption,4500
22/03/2016,,علي البطروني,"sciocca storia,storia di dormire seduto",4000
22/03/2016,,ليلى السهيلي,بدون عنوان,4200
22/03/2016,,عبد المجيد بن مسعود,تجريد,9000
22/03/2016,,محفوظ السالمي,أجساد واهمة,5000
22/03/2016,,حنان مقديش,بدون عنوان,2300
22/03/2016,,سامي بن عامر,particules,7000
22/03/2016,,محمد بو عزيز,علامات وأنوار,5500
22/03/2016,,ناجي الثابتي,expressions,7000
22/03/2016,,علي رضا سعيد,من أجل الحرية,5000
22/03/2016,,المنوبي بو صندل,غجرية,8000
22/03/2016,,باكر بن فرج,golden spring,7000
22/03/2016,,نبيل سامي,hommage pour les révolutionnaires,4000
22/03/2016,,فتحي بن زكور,les trois graces,7000
22/03/2016,,منعم عجيلي,بدون عنوان (3 قطع),1200
22/03/2016,,سماح نصر الله,trame,2500
22/03/2016,,شهلة سومر,femme posture,3200
22/03/2016,,إلهام تقتق,parole!!!,2300
22/03/2016,,منير بن موسى,بدون عنوان,4000
22/03/2016,,سعاد مهبولي,passion de la vie,2200
22/03/2016,,وسام غرس الله,entre deux,4500
22/03/2016,,زهور شعبوني القرقوري,التربع والتدوير,2000
22/03/2016,,حياة القاسمي,حنان,7000
22/03/2016,رواق المدينة,زهرة لرقش,médina,700
22/03/2016,رواق التياترو,حمدي مزهود,dégage,2400
22/03/2016,دار الكتب الوطنية,ريناتا دليمي,بدون عنوان,1500
22/03/2016,,ثامر ماجري,mission civilisatrice,5500
25/03/2016,رواق بشيرة سنتر,بشيرة التريكي,"installation ,le voile du silence",10000
25/03/2016,,عثمان طالب,silentium ,2000
25/03/2016,,نبيل صوابي,le peinture et ses doubles(6p),8500
25/03/2016,رواق الهادي التركي,نصر الدين العسالي,سيدي محرز,7000
25/03/2016,رواق الكمان الازرق,رفيق الكامل,transfiguration,30000
25/03/2016,رواق روبتزوف,جاك لومبارد,hommage à awled Ahmed,600
25/03/2016,,طارق عبيد,dance des lettres,2800
25/03/2016,رواق كاليستي,رشيدة عمارة,triptique portrait,2400
25/03/2016,,عادل مقديش,la bague au doigt,1000
25/03/2016,,حمدة دندن,mémoire,5000
25/03/2016,رواق القرجي,انتصار بالعيد,المدينة ( 3قطع),4500
25/03/2016,قصر العبدلية بالمرسى ,وفاء قاضي,tete ,2800
25/03/2016,,ريم مالكي,voyage,850
25/03/2016,,عز الدين براري,باب سويقة,4000
25/03/2016,,سنية بن رمضان ,نهج الغني,1200
08/04/2016,رواق التياترو,أيمن بن عمر,la déesse mère,1000
08/04/2016,,عمر باي,l’équilibriste,3000
08/04/2016,,أحمد زلفاني,intimité ,3500
08/04/2016,,غادة شمّة,chute libre (2 p),1800
08/04/2016,,نجاة غريسي,corps -tiroir,6900
08/04/2016,,إيران وناس,بدون عنوان,1500
08/04/2016,نادي الطاهر الحداد,هيفاء تكوتي ,بدون عنوان,2000
08/04/2016,,كرامة بن عمر,intimité,2500
08/04/2016,,حذامي سلطان,harkouss,2000
08/04/2016,رواق سامية عاشور,طاهر عويدة,arbre de vie,7000
08/04/2016,دار الثقافة مصطفى الآغة بالكرم,أمال بن حسين,ame en attente,7000
08/04/2016,,ليلى سلماوي,solidarité,5000
08/04/2016,رواق ألف ورقة ,منى بلحاج,cendré,5000
08/04/2016,رواق علي القرماسي,جميلة عكروت,مشموم,900
08/04/2016,رواق روبتزوف,عادل العكرمي,hommage à Modigliani,1500
08/04/2016,دار الثقافة ابن رشيق,زينب نفزي,regard,250
08/04/2016,رواق علي القرماسي,رضا نغموشي,بدون عنوان (3 قطع),1950
08/04/2016,دار الفنون بالبلفيدير,صادق الماجري,L’autre (2p),10000
08/04/2016,نادي الطاهر الحداد,رجب الزرمديني,obturation,7000
08/04/2016,دار الفنون بالبلفيدير,عبد الرزاق الخشين,Métiers d’ artisanat,2000
21/04/2016,رواق الدامة,بديعة بن حسون,Marrakech,1200
21/04/2016,,هيلان بن كزران,silhouettes,600
21/04/2016,,ملاك السيت,village ,300
21/04/2016,رواق كاليستي,زياد لصرم,mise en abime,7000
21/04/2016,رواق علي القرماسي,ماهرالطرابلسي,خط عربي,3700
21/04/2016,رواق روبتزوف,حمادي بن نية,Up to heaven-jusqu ' au ciel,7000
21/04/2016,فضاء التياترو,ألفة جمعة,femme coupable ( 4p),1200
21/04/2016,رواق صلدان,وليد لمكشر,supreme voyage,4700
21/04/2016,رواق المدينة,فتحي بن زاكور,L’oiseau du matin,9000
21/04/2016,رواق الفن الجميل,هالة سراج بشير,gestuel(2p),1600
21/04/2016,رواق صديقة,محمد بن مفتاح,Monuments pour les victimes palestiniennes,3000
21/04/2016,,فاطمة كمون فهري,Les mariés,400
21/04/2016,,كمال عبد الله,Métamorphose (2 p),1000
21/04/2016,,رانيا ريدان,بدون عنوان,1200
27/04/2016,دار الثقافة الرجيش بالمهدية,محمد نجاح,نسيج ,4000
27/04/2016,,فاطمة الجريبي,les boules rouges,700
27/04/2016,قصر نيابوليس,رياض بن الحاج أحمد,تداعي,3500
27/04/2016,,إيمان الدوزي,تداعي,1800
27/04/2016,"فضاء"" SOHO"" بنابل",منى فرجاني,experience,900
27/04/2016,,نجيب ركباني,l' iveresse des profondeurs,650
27/04/2016,,وليد شقواي,fleurs dans tous leursétats,1200
27/04/2016,فضاء كان,بثينة يزيدي,بدون عنوان,1600
27/04/2016,,شهلة سومر,بدون عنوان,1200
27/04/2016,,ريم عياري,بدون عنوان,2500
27/04/2016,,عبد العزيز الدريدي,بدون عنوان (3 قطع),3000
27/04/2016,,حسين مصدق,بدون عنوان,5000
27/04/2016,,لمين ساسي,بدون عنوان,10000
27/04/2016,,سلمى ماجري,بدون عنوان(3قطع),900
27/04/2016,فضاء صيانة المدينة بالمهدية,سامي بن ابراهيم,بدون عنوان,800
27/04/2016,,سامية العشي,zootechni animaux nuisible,500
27/04/2016,,سحر الفهري,بدون عنوان,500
27/04/2016,,سهيلة حمزة,siape,700
27/04/2016,,سلام الله ثابت,anamorphose,700
27/04/2016,,عواطف غضباني,la magie des portes(3p),1500
27/04/2016,المركز الثقافي بسوسة,محمد عزابو,من فرقة الفلكلور بقرقنة,2500
27/04/2016,المركز الثقافي محمد المعروف بسوسة,محمد الزواري ,نافذة  ,2500
28/04/2016,المعهد العالي للفنون و الحرف بصفاقس,سلوى عيادي,entrecroisement,1500
28/04/2016,,صفوان علولو,passage en force,2400
28/04/2016,,غازي زليلة,femme de kairouan,500
28/04/2016,,حاتم اللومي,coté paradis,1200
28/04/2016,,فتحي بوزيدة,mal basée,1800
28/04/2016,دار الثقافة الأنس ساقية الزيت صفاقس,سهير بن أحمد,طغراء ,1000
28/04/2016,بيت الشعر بالقيروان,حسين عطي,تركيبة,3000
28/04/2016,رواق المعهد العالي للفنون والحرف بصفاقس,رضا الغالي,مدينة عائمة,300
28/04/2016,,انتصار الزريبي,amalagame,1500
28/04/2016,,فاطمة دمق,des chevaliers en combat,2000
28/04/2016,رواق سيدي عبيد الغرياني بالقيروان,شروق بالحاج صالح,شبكة,1000
28/04/2016,,لمجد النوري,femme tunisienne,3800
28/04/2016,المركب الثقافي محمد الجموسي بصفاقس,خالد الفقي,تناغم (2 قطع),2000
28/04/2016,دار الثقافة الأنس ساقية الزيت صفاقس,نادية شعبان,reflexion transparente (2p),1000
28/04/2016,دار الثقافة الأنس ساقية الزيت صفاقس,منير زكري,galaxy,1200
28/04/2016,دار الثقافة بوحجلة القيروان,علي حمداوي,أمواج عربية ,1500
28/04/2016,,مريم حمداوي,تواتر,1500
28/04/2016,دار الثقافة بوحجلة القيروان,بسمة رمضاني,الغذاء,1000
05/05/2016,رواق الدامة,آمنة بالرحومة,Architecture,800
05/05/2016,,سلمى الشريف الدزيري,Autumn,700
05/05/2016,نادي الطاهر الحداد,عبد الحميد الصقلي,Autenticité,1700
05/05/2016,رواق الفنون ببن عروس,كريم الزين,بدون عنوان,300
05/05/2016,,محمد فراس كارم,بدون عنوان,300
05/05/2016,,شكري بن عبد الحفيظ,بدون عنوان,300
05/05/2016,,محمود كمون,بدون عنوان,300
05/05/2016,,طارق الظريف,بدون عنوان,300
05/05/2016,فضاء التياترو,وليد عرضاوي,Tree cats (2 p),6000
05/05/2016,رواق روبتزوف,أولقا مالاكوفا,le couple,2500
05/05/2016,,رؤوف كرّاي,les trois amis,2200
05/05/2016,,أروى بن إسماعيل,حكاية ( 2 قطع),1300
31/05/2016,رواق علي عيسى ,علي عيسى,collection trapéze,8600
31/05/2016,رواق عين,ريم بالشيخ,le printemps de tanits(4p),2000
31/05/2016,رواق الفن الجميل ,وسيلة كمون المهيري,jardin de babylone,900
31/05/2016,,وردة شاوش يدس,Au café,650
31/05/2016,رواق سامية عاشور,آمال القبايلي,réflexion automnale,2800
31/05/2016,فضاء بئر الاحجار,بشير الزريبي,source de la vie,8000
31/05/2016,,خميس ناجي,عزلة,3500
31/05/2016,,منصف نوار,رسم ذاتي,2000
31/05/2016,قصر خير الدين,مروان الطرابلس,بين الجدران,650
31/05/2016,,علي الزنايدي ,مشاهدة عائلية,8000
31/05/2016,دار الثافة ابن رشيق,محمد المالكي,عين دراهم,5500
31/05/2016,رواق علي القرماسي,سندة الماجري,Rythme végétal,1200
31/05/2016,,ابراهيم العزابي,حصاد,9000
31/05/2016,دار الفنون بالبلفيدير,رؤوف قارة ,بدون عنوان ,8000
14/06/2016,رواق كاليستي,حمدة دنيدن,fragments de vie,10000
14/06/2016,رواق عين,أنور سفطة,Kaléidoscopie punique ,4000
14/06/2016,,لسعد بن عليّة,pique nique,2000
14/06/2016,رواق صلدان,مراد شعبة ,portrait ,1000
20/09/2016,دار الثقافة المروج,ناصر اللواتي,point de vie,4000
20/09/2016,,حبيب الجماعي,la balade,5800
20/09/2016,نادي الطاهر الحداد,حمادي بن سعد,jardin d'autonne,10000
20/09/2016,قصر خير الدين,مهدي قريعة,بدون عنوان,3500
20/09/2016,,يسر الجموسي,بدون عنوان,5000
20/09/2016,,عبد السلام الفالح,cocotte,2800
20/09/2016,,نزار المؤخر,بدون عنوان,4000
20/09/2016,,خالد عبيدة,"إنشاء الدوائر ""تكريما لإبن عربي""",4000
20/09/2016,,بوجمعة بالعيفة,instruction(4p),4000
20/09/2016,,كوثر مقديش,Jeu,2400
27/09/2016,دار الثقافة علي الدعاجي بحمام سوسة,سمير شوشان,بدون عنوان ,5000
27/09/2016,,توفيق الفرجاوي,Alternance,3000
27/09/2016,المركز الثقافي بسوسة,هدى رجب,ورد الرماد (2 قطع),7500
27/09/2016,,لطفي بن صالح,الشفق الأحمر,3000
27/09/2016,المركز الثقافي الجماعي يحي بن عمر بسوسة,لمجد النوري,bleu,2500
27/09/2016,المعهد العالي للفنون الدرامية و الركحية بصفاقس,بسمة هنانة,chant vallonné,2300
27/09/2016,فضاء برج القلال بصفاقس,محمد اليانقي,بدون عنوان,1000
27/09/2016,رواق المعهد العاي للفنون والحرف بصفاقس,سلوى العايدي,Face - à - face,1200
27/09/2016,,برهان بن عريبية,انعتاق,2000
27/09/2016,,رضا الغالي,الطيور على اشكالها تقع ,1200
18/10/2016,دار الثقافة السند بقفصة,نوال  بن ضياء,بدون عنوان,900
18/10/2016,,زياد سندي ,Masque,2300
18/10/2016,,إلياس زعفوري,Là d’où je viens,1600
18/10/2016,,وجيه عبد الله,تأمل,1000
18/10/2016,,نبيل سويسري ناصري,La lumière de la vie,1200
18/10/2016,,منصور رجب,Nécessité mystique,800
18/10/2016,المركب الثقافي أسد إبن الفرات رواق محمد الحليوي بالقروان,شكري الفاسي,ordeur d' enfance,4500
18/10/2016,,سالم ماني,vision trouble,4000
18/10/2016,,منجي القيزاني,Elle est d’aillleurs elle est ici,1200
18/10/2016,دار الثقافة إبن المنظور بقفصة,أنور نصر,فسيفساء,1500
18/10/2016,,حمزة رحال,تشكيل,800
18/10/2016,,ريم قلنزة,منسوجة,800
19/10/2016,المركب الثقافي بسليانة,زيد الماجري,مشهد ,1200
19/10/2016,,رجاء زربوط,ميلاد,350
19/10/2016,,طارق السوسي,لغو,3000
19/10/2016,,صالحة التونسي,عرس البرامة(7 قطع),1000
19/10/2016,,أسماء عبد اللاوي,البالون,500
26/10/2016,رواق أيكار,ليلى الركباني,L'acrobate,3500
26/10/2016,دار الثقافة بالزهراء,صلاح الزعايبي,تكوين,1500
26/10/2016,قصر خير الدين باشا,منال بن بلقاسم,force centrifuge,900
26/10/2016,,هالة بن الشيخ,Miniature,2500
26/10/2016,,نسرين التومي,Evasion,2400
26/10/2016,,أميمة بن سلطان,Lajungle urbaine,1800
26/10/2016,رواق علي القرماسي,عبد الستار العبرقوبي,Détente,2500
26/10/2016,رواق الفنون ببن عروس,الهادي بن نصيرة,احتضار,700
26/10/2016,فضاء بئر الاحجار,محمد الرقيق,personnage,4000
26/10/2016,,أمال زعيم,Emancipation,3500
27/10/2016,دار الفنون بالبلفيدير,حبيب بيدة,luminosité du noir,5000
27/10/2016,دار الفنون بالبلفيدير,فائزة مرابط,Narcisse,800
27/10/2016,رواق كالستي,ربيكا مان,la négatif,800
27/10/2016,فضاء بشيرة سنتر,كوثر درغوث,personnage,600
27/10/2016,,ميشالا مارغريتا سارتي,JANG-E-TAHMILI(guerre imposée),2500
27/10/2016,رواق سامية عاشور,مراد حرباوي,composition,7500
27/10/2016,,سامية عاشور,Ma médina,3500
27/10/2016,دار الثقافة باردو,محمد اليعقوبي,les fils noirs,3000
27/10/2016,,حياة الشابي,composition,2500
27/10/2016,المكتبة المعوماتية بأريانة,حاتم غربي,les infos,4000
09/11/2016,"رواق الفنون ""nasamo Samo "" بشننّي تاطوين",علي الجليطي,لاعبو الخربقة تطاوين 1993,800
09/11/2016,,محمود غرب,أثر,2000
09/11/2016,,زيد عسل,orchide,2500
09/11/2016,,ضحى فريطيس,تشكل لون من الذاكرة,1000
09/11/2016,,رامي العبار,المظطهد,2500
